CÓDIGO,DESCRIPCIÓN,CONTENIDO,CATEGORÍA,PRECIO NETO (MXN)
VON-00001,V10 (PULIMENTO DE CORTE),500ML,PULIMENTOS PARA BARNIZ BLANDO,162.86
VON-00002,V20 (PULIMENTO DE CORTE MEDIO),500ML,PULIMENTOS PARA BARNIZ BLANDO,190.43
VON-00003,V30 (PULIMENTO DE ACABADO),500ML,PULIMENTOS PARA BARNIZ BLANDO,202.95
VON-00004,V CUT (PULIMENTO DE CORTE PREMIUM),500ML,PULIMENTOS PARA BARNIZ PREMIUM,498.61
VON-00005,V-POLISH (PULIMENTO DE CORTE MEDIO PREMIUM),500ML,PULIMENTOS PARA BARNIZ PREMIUM,463.54
VON-00006,V-FINISH (PULIMENTO DE SUYPER LUSTRO PREMIUM),500ML,PULIMENTOS PARA BARNIZ PREMIUM,463.54
VON-00034,OPTY (PULIMENTO PARA CRISTAL),240ML,TRATAMIENTO PARA CRISTALES,556.24
VON-00035,GLAZY (LIMPIADOR DE CRISTALES),500ML,TRATAMIENTO PARA CRISTALES,131.54
VON-00103,GLAZY (LIMPIADOR DE CRISTALES),5 LITROS,TRATAMIENTO PARA CRISTALES,497.36
VON-00083,PRIZM (RESTAURADOR DE VIDRIOS),500ML,TRATAMIENTO PARA CRISTALES,126.53
VON-00086,FOCUS (REMOVEDOR MARCAS DE AGUA CRISTAL Y ESPEJO),240 ML,TRATAMIENTO PARA CRISTALES,174.14
VON-00007,BLEND ALL IN ONE  (PULIMENTO 3 PASOS EN 1),500ML,PRODUCTOS 3 EN 1,486.09
VON-00008,V40 (PULIMENTO 4 PASOS EN 1),500ML,PRODUCTOS 3 EN 1,238.03
VON-00009,NATIVE PASTE WAX (CERA DE CARNAUBA BRASIÑEÑA 100% PURA),100ML,CERA EN PASTA,437.23
VON-00036,CARNAUBA HYBRID WAX (CERA DE CARNAUBA EN PASTA),240ML,CERA EN PASTA,291.90
VON-00010,BLEND PASTE WAX (CERA CON SIO2 & CARNAÚBA),100ML,CERA EN PASTA,397.14
VON-00058,CARNAUBA PLUS (CERA DE LIMPIEZA),1500 ML,CERA EN SPRAY,326.98
VON-00011,CARNAUBA PLUS (CERA DE LIMPIEZA),500ML,CERA EN SPRAY,150.34
VON-00012,CARNAUBA TOK FINAL (CERA LIQUIDA DE MANTENIMIENTO),500ML,CERA EN SPRAY,124.03
VON-00057,BLEND SPRAY (CERA LÍQUIDA CON SiO2 & CARNAÚBA),500ML,CERA EN SPRAY,202.95
VON-00013,NATIVE CLEANER WAX (CERA LIMPIADORA CON CARNAÚBA),500ML,CERA EN SPRAY,250.56
VON-00014,NATIVE SPRAY WAX (CERA DE CARNAÚBA LÍQUIDA PREMIUM),500ML,CERA EN SPRAY,211.72
VON-00015,HIDROCOURO (HIDRATANTE Y PROTECTOR DE PIEL),50ML,TRATAMIENTOS DE PIEL,171.63
VON-00016,HIGICOURO (LIMPIADOR DE PIEL),500ML,TRATAMIENTOS DE PIEL,110.25
VON-00017,MAKKER (ELIMINADOR DE MARCA DE REMOLINOS),500ML,ABRILLANTADORES DE PINTURA,202.95
VON-00018,SINERGY PAINT (SELLADOR CERAMICO PARA PINTURA),500ML,TRATAMIENTOS CERAMICOS,433.47
VON-00019,SINERGY WHEEL (CERAMICO PARA LLANTAS),500ML,TRATAMIENTOS CERAMICOS,423.45
VON-00020,V LEATHER PRO (CERAMICO PARA PIEL),50ML,TRATAMIENTOS CERAMICOS,556.24
VON-00021,V LIGHT PRO (CERAMICO PARA FAROS),50ML,TRATAMIENTOS CERAMICOS,650.20
VON-00022,V PLASTIC PRO (CERAMICO PARA PLASTICOS),50ML,TRATAMIENTOS CERAMICOS,605.10
VON-00023,SIO2 PRO (SELLADOR CERAMICO),500ML,TRATAMIENTOS CERAMICOS,211.72
VON-00095,HYDROX FAST (CERAMICO HIDROREACTIVO),500ML,TRATAMIENTOS CERAMICOS,137.81
VON-00096,HYDROX PRO (CERAMICO HIDROREACTIVO CONCENTRADO),500ML,TRATAMIENTOS CERAMICOS,392.13
VON-00063,SPELL (SELLADOR CERAMICO SIN CONTACTO),500ML,TRATAMIENTOS CERAMICOS,162.86
VON-00080,V PAINT PRO (CERAMICO PARA PINTURA) 20 ML,20 ML,TRATAMIENTOS CERAMICOS,308.19
VON-00024,V PAINT PRO (CERAMICO PARA PINTURA),50ML,TRATAMIENTOS CERAMICOS,876.96
VON-00042,V MOL (SHAMPOO DESINCRUSTANTE),1500ML,SHAMPOO,164.12
VON-00043,V MOL (SHAMPOO DESINCRUSTANTE),500ML,SHAMPOO,86.44
VON-00101,V MOL (SHAMPOO DESINCRUSTANTE),5 LITROS,SHAMPOO,384.61
VON-00037,CITRON (SHAMPOO DESENGRASANTE),1500ML,SHAMPOO,191.68
VON-00025,V FLOC (SHAMPOO PH NEUTRO),1500ML,SHAMPOO,223.00
VON-00026,V FLOC (SHAMPOO PH NEUTRO),500ML,SHAMPOO,114.00
VON-00102,V FLOC (SHAMPOO PH NEUTRO),5 LITROS,SHAMPOO,503.63
VON-00097,HYDROX WASH (SHAMPOO CERAMICO),500ML,SHAMPOO,337.00
VON-00072,ALUMAX  (DESINCRUSTRANTE ACIDO),20 LITROS,LIMPIEZA,1549.71
VON-00084,REMOVEX (DESENGRASANTE Y LIMPIADOR DE CHASIS),20 LITROS,LIMPIEZA,1245.28
VON-00067,V ECO FAST (LAVADO EN SECO BIODEGRADABLE),500ML,LIMPIEZA,106.49
VON-00066,V ECO (LAVADO EN SECO BIODEGRADABLE),1500ML,LIMPIEZA,296.91
VON-00038,IMPACT (DESENGRASANTE MULTIUSOS),1500ML,LIMPIEZA,154.09
VON-00039,IZER (REMOVEDOR DE OXIDOS),500ML,LIMPIEZA,145.32
VON-00087,IZER (REMOVEDOR DE OXIDOS),1500 ML,LIMPIEZA,289.40
VON-00099,REZET  ZACS REVELADOR DE HOLOGRAMAS,500 ML,LIMPIEZA,141.57
VON-00040,STRIKE (REMOVEDOR DE ALQUITRAN Y PEGAMENTO),500ML,LIMPIEZA,241.79
VON-00088,STRIKE (REMOVEDOR DE ALQUITRAN Y PEGAMENTO),1500 ML,LIMPIEZA,536.20
VON-00027,"DELET (LIMPIADOR DE PLASTICOS, VINILO Y CAUCHO)",500ML,LIMPIEZA,136.56
VON-00064,"DELET (LIMPIADOR DE PLASTICOS, VINILO Y CAUCHO)",5 LITROS,LIMPIEZA,388.37
VON-00028,SINTRA FAST (LIMPIADOR DE INTERIORES),500ML,LIMPIEZA,122.77
VON-00029,SINTRA PRO (LIMPIADOR DE INTERIORES),1500ML,LIMPIEZA,167.88
VON-00030,SINTRA PRO (LIMPIADOR DE INTERIORES),5 LITROS,LIMPIEZA,364.56
VON-00082,VEXUS (LIMPIADOR LLANTAS Y MOTORES),500 ML,LIMPIEZA,108.99
VON-00091,BACTRAN (LIMPIADOR BACTERICIDA 7 EN 1),1.5 LITROS,SISTEMA  VSC (Vonixx Smart Cleaning),141.57
VON-00092,BACTRAN (LIMPIADOR BACTERICIDA 7 EN 1),5 LITROS,SISTEMA  VSC (Vonixx Smart Cleaning),289.40
VON-00093,EXTRACTUS (LIMPIADOR ULTRA CONCENTRADO),1.5 LITROS,SISTEMA  VSC (Vonixx Smart Cleaning),134.05
VON-00094,EXTRACTUS (LIMPIADOR ULTRA CONCENTRADO),5 LITROS,SISTEMA  VSC (Vonixx Smart Cleaning),279.37
VON-00104,SANITIZANTE (FINALIZADOR 4 EN 1),1.5 LITROS,SISTEMA  VSC (Vonixx Smart Cleaning),147.83
VON-00105,SANITIZANTE (FINALIZADOR 4 EN 1),5 LITROS,SISTEMA  VSC (Vonixx Smart Cleaning),308.19
VON-00041,VERSE (PROTECTOR DE PLASTICOS),500ML,RESTAURADOR DE PLASTICOS,269.35
VON-00098,TRYON (ACONDICIONADOR DE PLASTICOS),500ML,RESTAURADOR DE PLASTICOS,180.40
VON-00059,FLEXUS (LIMPIEZA Y RENOVACION DE PLASTICOS INTERIOR),500ML,RESTAURADOR DE PLASTICOS,190.43
VON-00031,RESTAURAX (RESTAURADOR DE PLASTICOS),500ML,RESTAURADOR DE PLASTICOS,251.81
VON-00100,RESTAURAX EN AEROSOL (RESTAURADOR DE PLASTICOS),400ML,RESTAURADOR DE PLASTICOS,174.14
VON-00060,INTENSE ( PLASTICOS INTERNOS CON ACABADO NATURAL ),500ML,RESTAURADOR DE PLASTICOS,137.81
VON-00061,REVOX (ABRILLANTADOR DE LLANTAS ACABADO SATINADO),500ML,RESTAURADOR DE LLANTAS,170.38
VON-00106,REXER (RESTAURADOR DE NEUMATICOS),500ML,RESTAURADOR DE LLANTAS,228.01
VON-00062,SHINY (ABRILLANTADOR DE LLANTAS ACABADO BRILLANTE),500ML,RESTAURADOR DE LLANTAS,220.49
VON-00032,BLEN METAL POLISH (PULIMENTO PARA METALES),150G,PULIDOR DE METAL,264.34
VON-00053,LINTERNA DE INSPECCION 15W 1600M\,PIEZA,ACCESORIOS,2265.06
VON-00081,APLICADOR DE MICROFIBRA CON ENCAJE DE MANO,PIEZA,ACCESORIOS,41.34
VON-00044,MANDIL DE MICROFIBRA,PIEZA,ACCESORIOS,414.68
VON-00033,POLITRIZ ORBITAL VOXER 5" 15MM 127V,PIEZA,ACCESORIOS,6604.76
VON-00065,GUANTE DE MICROFIBRA 2 EN 1,PIEZA,ACCESORIOS,117.76
VON-00071,GUANTE MICROFIBRA 2 EN 1 25 X 16 CM VONIXX,PIEZA,ACCESORIOS,96.47
VON-00085,TOALLA CLAYBA (8DESCONTAMINANTE DE ARCILLA),PIEZA,ACCESORIOS,384.61
ENV-00010,ENVASE PARA ATOMIZADOR VONIXX 500 ML,PIEZA,ACCESORIOS,30.07
ATO-00010,ATOMIZADOR NEGRO PARA SOLVENTES,PIEZA,ACCESORIOS,21.30
VON-00073,KIT DE 5 PINCELES DE DETALLADO - EXTERNO,PIEZA,CEPILLOS Y PINCELES,214.23
VON-00074,KIT DE 5 PINCELES DE DETALLADO - INTERNO,PIEZA,CEPILLOS Y PINCELES,214.23
VON-00075,CEPILLOS DE MICROFIBRA PARA LIMPIEZA DE RINES,PIEZA,CEPILLOS Y PINCELES,214.23
VON-00076,CEPILLO PARA LIMPIEZA DE TOLVAS,PIEZA,CEPILLOS Y PINCELES,115.26
VON-00077,CEPILLO PARA LIMPIEZA DE NEUMATICOS,PIEZA,CEPILLOS Y PINCELES,96.47
VON-00079,CEPILLO PARA LIMPIEZA DE  INTERIORES DE CERDAS SUAVES,PIEZA,CEPILLOS Y PINCELES,131.54
VON-00089,JG 3 TACO PARA VIDRIOS PESADA TIPO CARPETE,PÍEZA,CEPILLOS Y PINCELES,86.44
VON-00090,JG 3 TACO PARA VIDRIOS TIPO LONA,PIEZA,CEPILLOS Y PINCELES,86.44
VON-00045,PULVERIZADOR DE ESPUMA FAST,PIEZA,PULVERIZADORES,1198.93
VON-00070,SNOW FOAM PRO PET 1L (PULVERIZADOR DE ESPUMA),PIEZA,PULVERIZADORES,1197.68
VON-00056,PULVERIZADOR DE MANO CAP. 2 LITROS,PIEZA,PULVERIZADORES,580.05
VON-00046,PAD PARA PULIR VIDRIOS TIPO ALFOMBRA,PIEZA,PADS DE '5' PULGADAS,274.36
VON-00047,PAD PARA PULIR VIDRIOS TIPO LONA,PIEZA,PADS DE '5' PULGADAS,274.36
VON-00048,PAD DE SUPER LUSTRO ROJO,PIEZA,PADS DE '5' PULGADAS,192.93
VON-00049,PAD DE LUSTRO AZUL CLARO,PIEZA,PADS DE '5' PULGADAS,192.93
VON-00050,PAD DE CORTE LIGERO AMARILLA,PIEZA,PADS DE '5' PULGADAS,192.93
VON-00051,PAD DE CORTE PESADO DE LANA,PIEZA,PADS DE '5' PULGADAS,243.04
VON-00052,PAD DE LUSTRO NEGRA DE TERCIOPELO,PIEZA,PADS DE '5' PULGADAS,192.93
MIC-00001,MICROFIBRA GRANDE,PIEZA,MICROFIBRAS CARBRITE,166.62
MIC-00002,MICROFIBRA CHICA,PIEZA,MICROFIBRAS CARBRITE,55.12
PLA-00044,PLAYERA TIPO POLO VONIXX TALLA M,PIEZA,PLAYERAS Y GORRA,329.49
PLA-00045,PLAYERA TIPO POLO VONIXX TALLA XL,PIEZA,PLAYERAS Y GORRA,329.49
PLA-00046,PLAYERA TIPO POLO VONIXX TALLA L,PIEZA,PLAYERAS Y GORRA,329.49
GOR-00002,GORRA VONIXX UNITALLA,PIEZA,PLAYERAS Y GORRA,210.47